product,epd
Lindner Life Stereo 125,epd-nb-w-rr-001-glass-partition-walls--en.pdf
Lindner Life Contour 126 ,epd-nb-w-rr-001-glass-partition-walls--en.pdf
Lindner Life Freeze 137,epd-nb-w-rr-001-glass-partition-walls--en.pdf
Multiclean LVT 437,epd-nb-w-rr-001-glass-partition-walls--en.pdf
Multiclean CLVT 437,epd-nb-w-rr-001-glass-partition-walls--en.pdf
Multiclean CPH 448,epd-nb-w-rr-001-glass-partition-walls--en.pdf
"Lindner Logic 100 Timber Partition, 47 and 49 dB Sound Proofing
Variants",epd-nb-w-002-timber-partition-walls-47-49db--en.pdf
"Lindner Logic 100 Timber Partition, 51 and 52 dB Sound Proofing
Variants",epd-nb-w-002-timber-partition-walls-51-52-db--en.pdf
"Lindner Logic 100 Timber Partition, 53 dB Sound Proofing Variants",epd-nb-w-002-timber-partition-walls-53db--en.pdf
"Lindner Logic 100 Timber Partition, 55 dB Sound Proofing Variants",epd-nb-w-002-timber-partition-walls-55db--en.pdf
"Lindner Logic 100 Timber Partition, EI60 Fire Protection Variant",epd-nb-w-002-timber-partition-walls-ei60--en.pdf
"Lindner Logic 100 Timber Partition, F30-EI30 Fire Protection Variants",epd-nb-w-002-timber-partition-walls-f30-ei30--en.pdf
